{
    "Class_0": {
        "precision": 1.0,
        "recall": 0.8785236849752979,
        "f1-score": 0.9353341584158416,
        "support": 3441.0
    },
    "Class_1": {
        "precision": 0.8595901914679207,
        "recall": 1.0,
        "f1-score": 0.9244942196531792,
        "support": 2559.0
    },
    "accuracy": 0.9303333333333333
}