{
    "Class_0": {
        "precision": 1.0,
        "recall": 0.8714161598609904,
        "f1-score": 0.9312906220984215,
        "support": 3453.0
    },
    "Class_1": {
        "precision": 0.8515546639919759,
        "recall": 1.0,
        "f1-score": 0.9198266522210184,
        "support": 2547.0
    },
    "accuracy": 0.926
}