{
    "Class_0": {
        "precision": 1.0,
        "recall": 0.8722595732242034,
        "f1-score": 0.9317720530835285,
        "support": 3421.0
    },
    "Class_1": {
        "precision": 0.855106100795756,
        "recall": 1.0,
        "f1-score": 0.9218945487042002,
        "support": 2579.0
    },
    "accuracy": 0.9271666666666667
}